{"cameraMode":{"drawMode":0,"name":"Shaded","section":"Shading Mode"},"sceneLighting":false,"audioPlay":false,"sceneViewState":{"showFog":true,"showMaterialUpdate":false,"showSkybox":false,"showFlares":true,"showImageEffects":true,"showParticleSystems":true},"in2DMode":false,"pivot":{"x":-0.6059602499008179,"y":-0.09171079844236374,"z":1.0227500200271607},"rotation":{"x":0.013144491240382195,"y":0.08299636095762253,"z":0.0010962176602333785,"w":-0.996479868888855},"size":0.2335125058889389,"orthographic":false}